Owner,Rooms set,Price,property_image
BUILDER,3 BHK Apartment in Paramount Golfforeste Premium Apartments, 63.75 L,https://static.makaan.com/1/641521/297/golfforeste-premium-apartments-elevation-141810854.jpeg?width=460&height=260
BUILDER,3 BHK Apartment in RG Luxury Phase 2, 55.22 L,https://static.makaan.com/1/3182874/291/139403226.png?width=460&height=260
BUILDER,3 BHK Apartment in Purvanchal Royal City Phase 2, 1.13 Cr,https://static.makaan.com/1/1960685/298/images-for-mainother-140556033.jpeg?width=460&height=260
BUILDER,2 BHK Apartment in Paramount Golfforeste Premium Apartments, 51.66 L,https://static.makaan.com/1/641521/297/golfforeste-premium-apartments-elevation-141810854.jpeg?width=460&height=260
BUILDER,3 BHK Apartment in RG Luxury Phase 2, 55.22 L,https://static.makaan.com/1/3182874/291/139403226.png?width=460&height=260
BUILDER,3 BHK Apartment in Purvanchal Royal City Phase 2, 1.13 Cr,https://static.makaan.com/1/1960685/298/images-for-mainother-140556033.jpeg?width=460&height=260
BUILDER,3 BHK Apartment in Paramount Golfforeste Premium Apartments, 63.75 L,https://static.makaan.com/1/641521/297/golfforeste-premium-apartments-elevation-141810854.jpeg?width=460&height=260
BUILDER,3 BHK Apartment in RG Luxury Phase 2, 55.22 L,https://static.makaan.com/1/3182874/291/139403226.png?width=460&height=260
BUILDER,3 BHK Apartment in Purvanchal Royal City Phase 2, 1.14 Cr,https://static.makaan.com/1/1960685/298/images-for-mainother-140556033.jpeg?width=460&height=260
VERIFIED OWNER,3 BHK Independent House, 78 L,https://static.makaan.com/17/20207236/286/142184846.jpeg?width=460&height=260
VERIFIED OWNER,3 BHK Apartment, 72 L,https://www.makaan.com/images/dummy/apartment-no-image.jpg
VERIFIED OWNER,3 BHK Villa in Bhoomik Ashoka Greens, 75 L,https://static.makaan.com/17/20163101/286/141936661.jpeg?width=460&height=260
VERIFIED OWNER,3 BHK Apartment in Migsun Wynn, 62 L,https://static.makaan.com/17/20016135/281/141321232.jpeg?width=460&height=260
VERIFIED OWNER,2 BHK Apartment in Capital Athena, 55.6 L,https://static.makaan.com/17/19924534/281/140748743.jpeg?width=460&height=260
VERIFIED OWNER,2 BHK Apartment, 26.99 L,https://static.makaan.com/17/20301359/281/142617749.jpeg?width=460&height=260
VERIFIED OWNER,2 BHK Independent Floor in Vihaan Krystal Floors, 25 L,https://static.makaan.com/17/20498287/281/143655259.jpeg?width=460&height=260
VERIFIED OWNER,3 BHK Villa, 46 L,https://www.makaan.com/images/dummy/independent-house-no-image.jpg
VERIFIED OWNER,3 BHK Villa in Panchsheel Greens 2 Villa, 60 L,https://static.makaan.com/17/19645193/283/139446794.jpeg?width=460&height=260
VERIFIED OWNER,2 BHK Apartment in Addela Raj Rakhsa Addela, 42 L,https://static.makaan.com/17/20311813/281/142663441.jpeg?width=460&height=260
VERIFIED OWNER,1 BHK Apartment in Reputed Builder Authority flat, 16 L,https://static.makaan.com/17/19749958/281/139957585.jpeg?width=460&height=260
VERIFIED OWNER,3 BHK Villa, 65 L,https://static.makaan.com/17/19671581/283/139495464.jpeg?width=460&height=260
VERIFIED OWNER,3 BHK Apartment in Stellar One, 82 L,https://static.makaan.com/17/20199724/281/142141449.jpeg?width=460&height=260
VERIFIED OWNER,Residential Plot in Uniqueways Lotus Green Valley, 15 L,https://static.makaan.com/17/20764939/286/145081308.jpeg?width=460&height=260
VERIFIED OWNER,2 BHK Apartment in Mangalya Novena Green, 57 L,https://static.makaan.com/17/19763936/281/139917383.jpeg?width=460&height=260
VERIFIED OWNER,4 BHK Apartment in Migsun Ultimo, 62 L,https://static.makaan.com/1/663693/298/ultimo-living-area-137045719.jpeg?width=460&height=260
VERIFIED OWNER,2 BHK Independent House, 47.99 L,https://static.makaan.com/17/20094205/283/141663582.jpeg?width=460&height=260
VERIFIED OWNER,2 BHK Independent House, 42 L,https://static.makaan.com/17/18046415/286/133792198.jpeg?width=460&height=260
VERIFIED OWNER,4 BHK Villa in Godrej Golf Links Villas, 2.25 Cr,https://static.makaan.com/1/1475717/298/130793000.jpeg?width=460&height=260
VERIFIED OWNER,1 BHK Independent Floor, 14.99 L,https://static.makaan.com/17/18436759/281/133460562.jpeg?width=460&height=260
VERIFIED OWNER,2 BHK Apartment, 65 L,https://static.makaan.com/17/15609973/287/117132619.jpeg?width=460&height=260
VERIFIED OWNER,1 BHK Apartment, 22.5 L,https://static.makaan.com/17/16118155/281/119570685.jpeg?width=460&height=260
VERIFIED OWNER,Residential Plot in Gaursons India Gaur Yamuna City Plots, 1.25 Cr,https://static.makaan.com/17/18778565/286/135111405.jpeg?width=460&height=260
VERIFIED OWNER,Residential Plot, 11.3 L,https://static.makaan.com/17/17990075/277/131495810.jpeg?width=460&height=260
AGENT,2 BHK Apartment in AMR I Homes, 28 L,https://static.makaan.com/17/19737339/281/139771247.jpeg?width=460&height=260
AGENT,2 BHK Apartment in Reputed Builder Greater Noida Authority Flat, 98 L,https://static.makaan.com/17/20091302/286/141637903.jpeg?width=460&height=260
AGENT,4 BHK Apartment in Migsun Mannat, 1.15 Cr,https://static.makaan.com/17/20109040/281/141726919.jpeg?width=460&height=260
AGENT,3 BHK Apartment in Amrapali Centurian Park Low Rise, 86 L,https://static.makaan.com/1/641246/297/16054361.jpeg?width=460&height=260
AGENT,2 BHK Apartment in Gaursons 7th Avenue, 61.5 L,https://static.makaan.com/17/20129664/286/141812791.jpeg?width=460&height=260
AGENT,2 BHK Apartment in Dev Sai Sports Home Phase 2, 62.7 L,https://static.makaan.com/1/3070336/298/128670071.jpeg?width=460&height=260
AGENT,2 BHK Independent Floor in Thv Vihaan Floors, 25.69 L,https://static.makaan.com/17/0/573/31067591.jpeg?width=460&height=260
AGENT,3 BHK Apartment in Fusion The Brook, 51 L,https://static.makaan.com/17/20233123/281/142290697.jpeg?width=460&height=260
AGENT,3 BHK Apartment in SKA Metro Ville, 37.91 L,https://static.makaan.com/1/1825483/298/132409427.png?width=460&height=260
AGENT,2 BHK Apartment in Thv Krystal Homes, 27.64 L,https://static.makaan.com/17/20247912/281/142369176.jpeg?width=460&height=260
AGENT,2 BHK Independent House, 75 L,https://static.makaan.com/17/20451166/286/143347682.jpeg?width=460&height=260
AGENT,2 BHK Apartment in Gaursons 7th Avenue, 53 L,https://static.makaan.com/17/0/569/31067393.jpeg?width=460&height=260
AGENT,3 BHK Apartment in Mangalya Ophira, 71.78 L,https://static.makaan.com/17/20475605/281/143480609.jpeg?width=460&height=260
AGENT,3 BHK Independent Floor, 55 L,https://www.makaan.com/images/dummy/independent-house-no-image.jpg
AGENT,3 BHK Apartment in ATS Rhapsody, 1.46 Cr,https://static.makaan.com/17/20525808/282/143807468.jpeg?width=460&height=260
AGENT,1 RK Studio Apartment in Paramount Golfforeste Premium Apartments, 20 L,https://static.makaan.com/1/641521/297/golfforeste-premium-apartments-elevation-141810854.jpeg?width=460&height=260
AGENT,2 BHK Apartment in AMBR Ambrosia Luxury Homes, 28.16 L,https://static.makaan.com/1/3159656/297/ambrosia-luxury-homes-elevation-131190713.jpeg?width=460&height=260
AGENT,4 BHK Villa in Sunrise Sun Twilight, 1.7 Cr,https://static.makaan.com/1/672035/298/sun-twilight-bedroom-137836313.jpeg?width=460&height=260
AGENT,3 BHK Apartment in Fusion The Brook, 55.8 L,https://static.makaan.com/17/20435822/285/143288655.jpeg?width=460&height=260
AGENT,3 BHK Villa, 73 L,https://www.makaan.com/images/dummy/independent-house-no-image.jpg
AGENT,4 BHK Villa in Godrej Golf Links Villas, 5.1 Cr,https://static.makaan.com/17/20237879/281/142309848.jpeg?width=460&height=260
AGENT,2 BHK Apartment in House Vihaan Wisteria, 26.71 L,https://static.makaan.com/17/20411572/281/143198495.jpeg?width=460&height=260
AGENT,2 BHK Apartment in Stellar Jeevan, 57.11 L,https://static.makaan.com/17/20279627/281/142522027.jpeg?width=460&height=260
AGENT,3 BHK Apartment, 38.25 L,https://static.makaan.com/17/20739729/281/144948326.jpeg?width=460&height=260
AGENT,3 BHK Apartment in CRC Joyous, 79.9 L,https://static.makaan.com/17/20564508/277/143999430.jpeg?width=460&height=260
AGENT,2 BHK Apartment in Vihaan Vista, 27 L,https://static.makaan.com/17/20408072/283/143193865.jpeg?width=460&height=260
AGENT,3 BHK Apartment, 2 Cr,https://static.makaan.com/17/20545177/281/143894643.jpeg?width=460&height=260
AGENT,3 BHK Apartment in Nirala Aspire, 76 L,https://static.makaan.com/17/20468332/281/143430873.jpeg?width=460&height=260
AGENT,3 BHK Apartment in Express Astra, 94.2 L,https://static.makaan.com/17/20073488/286/141573448.jpeg?width=460&height=260
AGENT,3 BHK Villa in Aambesten Twin Clarus, 54.67 L,https://static.makaan.com/17/0/571/31067595.jpeg?width=460&height=260
AGENT,3 BHK Independent House in Paradise Greens Villas Paradise Greens Villas, 99 L,https://static.makaan.com/17/20731016/281/144898018.jpeg?width=460&height=260
AGENT,2 BHK Apartment in Patel Neotown Phase 1, 49.72 L,https://static.makaan.com/17/20036564/286/141410234.jpeg?width=460&height=260
AGENT,2 BHK Apartment in Gaursons 7th Avenue, 47 L,https://static.makaan.com/17/20327288/285/142742379.jpeg?width=460&height=260
AGENT,2 BHK Apartment in A V Vihaan Galaxy, 25.99 L,https://static.makaan.com/17/20208979/281/142200467.jpeg?width=460&height=260
AGENT,1 BHK Apartment, 17.45 L,https://static.makaan.com/17/19807525/281/140130370.jpeg?width=460&height=260
AGENT,2 BHK Independent House, 25 L,https://static.makaan.com/17/19493328/286/138664819.jpeg?width=460&height=260
AGENT,2 BHK Independent Floor, 25.6 L,https://www.makaan.com/images/dummy/independent-house-no-image.jpg
AGENT,3 BHK Apartment in JMD Elite View Apartments, 34.99 L,https://static.makaan.com/17/20127380/281/141803789.jpeg?width=460&height=260
AGENT,4 BHK Apartment in ATS Rhapsody, 1.8 Cr,https://static.makaan.com/1/1495399/297/rhapsody-images-for-project-129226807.jpeg?width=460&height=260
AGENT,2 BHK Apartment in Parsvnath Parsvnath Panorama, 50 L,https://static.makaan.com/17/9308929/281/42760855.jpeg?width=460&height=260
AGENT,4 BHK Apartment in Migsun Wynn, 78.63 L,https://static.makaan.com/1/781136/298/wynn-kitchen-133099398.jpeg?width=460&height=260
AGENT,3 BHK Apartment in Jaypee Crescent Court, 4.1 Cr,https://static.makaan.com/1/506158/291/crescent-court-others-107630518.jpeg?width=460&height=260
AGENT,2 BHK Apartment in Thv Heritage Floors, 24 L,https://static.makaan.com/1/3048149/297/heritage-floors-elevation-104933391.jpeg?width=460&height=260
AGENT,3 BHK Independent House, 38 L,https://static.makaan.com/17/19757717/281/139892435.jpeg?width=460&height=260
AGENT,4 BHK Apartment in Gaursons The Islands, 2.44 Cr,https://static.makaan.com/17/19361078/286/137969941.jpeg?width=460&height=260
AGENT,Residential Plot, 1.15 Cr,https://www.makaan.com/images/dummy/plot-no-image.jpg
AGENT,3 BHK Apartment in Fusion The Brook, 51 L,https://static.makaan.com/17/20148928/281/141886122.jpeg?width=460&height=260
AGENT,4 BHK Villa, 1.03 Cr,https://static.makaan.com/17/19463860/281/138537836.jpeg?width=460&height=260
AGENT,3 BHK Villa in Aambesten Twin Clarus, 54.98 L,https://static.makaan.com/1/3178455/298/twin-clarus-bathroom-135352416.jpeg?width=460&height=260
AGENT,2 BHK Apartment in Lucky Palm Valley, 24.59 L,https://static.makaan.com/1/1398285/297/palm-valley-images-for-project-130692849.jpeg?width=460&height=260
AGENT,3 BHK Apartment in Ajnara Homes, 77 L,https://static.makaan.com/17/20385244/281/143086982.jpeg?width=460&height=260
AGENT,2 BHK Apartment, 28.25 L,https://www.makaan.com/images/dummy/apartment-no-image.jpg
AGENT,3 BHK Apartment in VVIP Homes, 64.8 L,https://static.makaan.com/17/19372233/281/138025075.jpeg?width=460&height=260
AGENT,3 BHK Apartment in Purvanchal Purvanchal Royal City, 1.15 Cr,https://static.makaan.com/17/20457631/281/143384767.jpeg?width=460&height=260
AGENT,2 BHK Villa, 45 L,https://static.makaan.com/17/20008261/286/141278337.jpeg?width=460&height=260
AGENT,3 BHK Independent House, 57.6 L,https://static.makaan.com/17/19480933/281/138604213.jpeg?width=460&height=260
AGENT,2 BHK Independent Floor, 32 L,https://www.makaan.com/images/dummy/independent-house-no-image.jpg
AGENT,1 BHK Independent House, 42 L,https://www.makaan.com/images/dummy/independent-house-no-image.jpg
AGENT,3 BHK Apartment in Msx Golf Gardenia, 85 L,https://static.makaan.com/1/508982/297/44944848.jpeg?width=460&height=260
AGENT,2 BHK Apartment in Jaypee The Star Court, 1.12 Cr,https://static.makaan.com/17/20237584/285/142311836.jpeg?width=460&height=260
AGENT,2 BHK Apartment in Sikka Kaamya Greens, 53.35 L,https://static.makaan.com/1/661151/298/125900067.jpeg?width=460&height=260
AGENT,3 BHK Apartment in JSS NCR Monarch, 66.49 L,https://static.makaan.com/1/513478/297/monarch-images-for-elevation-of-ncr-monarch-137432609.jpeg?width=460&height=260
AGENT,3 BHK Independent House in Mani Karan Enclave, 40.5 L,https://static.makaan.com/1/3049087/298/karan-enclave-living-area-105085493.jpeg?width=460&height=260
AGENT,4 BHK Villa, 56.99 L,https://www.makaan.com/images/dummy/independent-house-no-image.jpg
AGENT,2 BHK Apartment in AMBR Ambrosia Luxury Homes, 29 L,https://static.makaan.com/17/20708916/281/144781980.jpeg?width=460&height=260
AGENT,1 BHK Apartment in Lucky Palm Green Villas, 18 L,https://static.makaan.com/17/19779073/286/139978459.jpeg?width=460&height=260
AGENT,4 BHK Apartment in Irish Pearls, 1.3 Cr,https://static.makaan.com/17/19661129/282/139421041.jpeg?width=460&height=260
BUILDER,3 BHK Apartment in Paramount Golfforeste Premium Apartments, 70.93 L,https://static.makaan.com/1/641521/297/golfforeste-premium-apartments-elevation-141810854.jpeg?width=460&height=260
BUILDER,3 BHK Apartment in Paramount Golfforeste Premium Apartments, 70.93 L,https://static.makaan.com/1/641521/297/golfforeste-premium-apartments-elevation-141810854.jpeg?width=460&height=260
BUILDER,3 BHK Apartment in Paramount Golfforeste Premium Apartments, 70.93 L,https://static.makaan.com/1/641521/297/golfforeste-premium-apartments-elevation-141810854.jpeg?width=460&height=260
BUILDER,3 BHK Apartment in Paramount Golfforeste Premium Apartments, 70.93 L,https://static.makaan.com/1/641521/297/golfforeste-premium-apartments-elevation-141810854.jpeg?width=460&height=260
BUILDER,3 BHK Apartment in Paramount Golfforeste Premium Apartments, 63.75 L,https://static.makaan.com/1/641521/297/golfforeste-premium-apartments-elevation-141810854.jpeg?width=460&height=260
BUILDER,3 BHK Apartment in Paramount Golfforeste Premium Apartments, 63.75 L,https://static.makaan.com/1/641521/297/golfforeste-premium-apartments-elevation-141810854.jpeg?width=460&height=260
BUILDER,2 BHK Apartment in Paramount Golfforeste Premium Apartments, 51.66 L,https://static.makaan.com/1/641521/297/golfforeste-premium-apartments-elevation-141810854.jpeg?width=460&height=260
BUILDER,2 BHK Apartment in Paramount Golfforeste Premium Apartments, 51.66 L,https://static.makaan.com/1/641521/297/golfforeste-premium-apartments-elevation-141810854.jpeg?width=460&height=260
BUILDER,3 BHK Apartment in RG Luxury Phase 2, 55.22 L,https://static.makaan.com/1/3182874/291/139403226.png?width=460&height=260
BUILDER,3 BHK Apartment in Purvanchal Royal City Phase 2, 1.14 Cr,https://static.makaan.com/1/1960685/298/images-for-mainother-140556033.jpeg?width=460&height=260
VERIFIED OWNER,4 BHK Apartment in ABA Cherry County, 1.2 Cr,https://static.makaan.com/1/505240/298/121730433.jpeg?width=460&height=260
VERIFIED OWNER,3 BHK Villa, 46 L,https://static.makaan.com/17/20728838/281/144889912.jpeg?width=460&height=260
VERIFIED OWNER,3 BHK Apartment in Saviour Green Arch, 1.02 Cr,https://static.makaan.com/1/643827/291/green-arch-others-127335125.jpeg?width=460&height=260
VERIFIED OWNER,Residential Plot, 94 L,https://static.makaan.com/17/19919139/286/140973087.jpeg?width=460&height=260
VERIFIED OWNER,2 BHK Apartment in House Vihaan Wisteria, 26.99 L,https://static.makaan.com/17/19391585/281/138122109.jpeg?width=460&height=260
VERIFIED OWNER,3 BHK Apartment in ACE Group Divino, 1.2 Cr,https://static.makaan.com/17/20592293/285/144163818.jpeg?width=460&height=260
VERIFIED OWNER,2 BHK Apartment in Gaursons 14th Avenue, 52.5 L,https://static.makaan.com/17/19602692/281/140163635.jpeg?width=460&height=260
VERIFIED OWNER,3 BHK Apartment in Saviour Green Arch, 48 L,https://static.makaan.com/1/643827/291/green-arch-others-127335125.jpeg?width=460&height=260
VERIFIED OWNER,Residential Plot, 13 L,https://static.makaan.com/17/20376280/286/144884189.jpeg?width=460&height=260
VERIFIED OWNER,3 BHK Villa, 75.08 L,https://www.makaan.com/images/dummy/independent-house-no-image.jpg
VERIFIED OWNER,3 BHK Apartment in Saviour Green Arch, 72 L,https://static.makaan.com/1/643827/291/green-arch-others-127335125.jpeg?width=460&height=260
VERIFIED OWNER,3 BHK Apartment, 55 L,https://www.makaan.com/images/dummy/apartment-no-image.jpg
VERIFIED OWNER,2 BHK Apartment, 65 L,https://static.makaan.com/17/15609919/286/117061672.jpeg?width=460&height=260
VERIFIED OWNER,2 BHK Apartment, 65 L,https://static.makaan.com/17/15532884/283/116906156.jpeg?width=460&height=260
VERIFIED OWNER,2 BHK Apartment in Apex Court, 43 L,https://static.makaan.com/17/19576041/281/139939408.jpeg?width=460&height=260
VERIFIED OWNER,Residential Plot, 7.28 L,https://static.makaan.com/17/18046416/286/131749272.jpeg?width=460&height=260
AGENT,3 BHK Apartment in Migsun Ultimo, 45 L,https://static.makaan.com/17/19851148/281/140389234.jpeg?width=460&height=260
AGENT,4 BHK Apartment in ATS Green Paradiso, 2 Cr,https://static.makaan.com/17/20071196/285/141564972.jpeg?width=460&height=260
AGENT,4 BHK Apartment in ATS Green Paradiso, 1.95 Cr,https://static.makaan.com/1/1309495/291/green-paradiso-gated-community-129108266.jpeg?width=460&height=260
AGENT,2 BHK Apartment in Dev Sai Sports Home Phase 2, 62.7 L,https://static.makaan.com/1/3070336/298/128670071.jpeg?width=460&height=260
AGENT,4 BHK Apartment in Dev Sai Sports Home Phase 2, 1.09 Cr,https://static.makaan.com/1/3070336/298/128670071.jpeg?width=460&height=260
AGENT,4 BHK Apartment in Dev Sai Sports Home Phase 2, 1.09 Cr,https://static.makaan.com/1/3070336/298/128670071.jpeg?width=460&height=260
AGENT,3 BHK Apartment in Dev Sai Sports Home Phase 2, 92.4 L,https://static.makaan.com/1/3070336/298/128670071.jpeg?width=460&height=260
AGENT,3 BHK Apartment in Dev Sai Sports Home Phase 2, 92.4 L,https://static.makaan.com/1/3070336/298/128670071.jpeg?width=460&height=260
AGENT,3 BHK Apartment in Dev Sai Sports Home Phase 2, 75.07 L,https://static.makaan.com/1/3070336/298/128670071.jpeg?width=460&height=260
AGENT,3 BHK Apartment in Dev Sai Sports Home Phase 2, 75.07 L,https://static.makaan.com/1/3070336/298/128670071.jpeg?width=460&height=260
AGENT,3 BHK Independent House, 83 L,https://static.makaan.com/17/20137599/282/141843599.jpeg?width=460&height=260
AGENT,2 BHK Independent House, 1.85 Cr,https://www.makaan.com/images/dummy/independent-house-no-image.jpg
AGENT,3 BHK Apartment in Fusion The Brook, 52.7 L,https://static.makaan.com/17/20233122/281/142290486.jpeg?width=460&height=260
AGENT,4 BHK Apartment in Fusion The Brook, 85 L,https://static.makaan.com/17/20233121/281/142290664.jpeg?width=460&height=260
AGENT,3 BHK Apartment in Fusion The Brook, 65.23 L,https://static.makaan.com/17/0/569/31067393.jpeg?width=460&height=260
AGENT,2 BHK Apartment in Nirala Estate II, 46.99 L,https://static.makaan.com/17/20233118/286/142290629.jpeg?width=460&height=260
AGENT,2 BHK Apartment in Nirala Estate II, 49.99 L,https://static.makaan.com/17/20233117/286/142290509.jpeg?width=460&height=260
AGENT,3 BHK Apartment in Nirala Estate II, 68.99 L,https://static.makaan.com/17/20233115/286/142290723.jpeg?width=460&height=260
AGENT,5 BHK Apartment in Nirala Estate II, 1.6 Cr,https://static.makaan.com/17/20233114/286/142290730.jpeg?width=460&height=260
AGENT,3 BHK Apartment in Nirala Estate II, 1.03 Cr,https://static.makaan.com/17/20233113/286/142290534.jpeg?width=460&height=260
AGENT,2 BHK Apartment in ACE Group Aquacasa, 64.99 L,https://static.makaan.com/17/20233112/286/142290437.jpeg?width=460&height=260
AGENT,2 BHK Apartment in ACE Group Aquacasa, 72.99 L,https://static.makaan.com/17/20233110/286/142290450.jpeg?width=460&height=260
AGENT,2 BHK Apartment in ACE Group Aquacasa, 65.99 L,https://static.makaan.com/17/20233109/286/142290772.jpeg?width=460&height=260
AGENT,3 BHK Apartment in ACE Group Aquacasa, 78.99 L,https://static.makaan.com/17/20233108/286/142290751.jpeg?width=460&height=260
AGENT,3 BHK Apartment in ACE Group Aquacasa, 86.99 L,https://static.makaan.com/17/20233107/286/142290492.jpeg?width=460&height=260
AGENT,2 BHK Apartment in Express Astra, 63.99 L,https://static.makaan.com/17/20233106/281/142290420.jpeg?width=460&height=260
AGENT,3 BHK Apartment in Express Astra, 74.99 L,https://static.makaan.com/1/3049862/298/astra-dining-area-141342031.jpeg?width=460&height=260
AGENT,3 BHK Apartment in Express Astra, 1.22 Cr,https://static.makaan.com/17/20233104/281/142290464.jpeg?width=460&height=260
AGENT,3 BHK Apartment in Express Astra, 86.99 L,https://static.makaan.com/17/20233103/281/142290736.jpeg?width=460&height=260
AGENT,3 BHK Villa, 75.9 L,https://static.makaan.com/17/20233102/286/142290709.jpeg?width=460&height=260
AGENT,4 BHK Apartment in Express Astra, 1.29 Cr,https://static.makaan.com/17/20233101/281/142290414.jpeg?width=460&height=260
AGENT,3 BHK Villa, 62.7 L,https://static.makaan.com/17/20233099/286/142290777.jpeg?width=460&height=260
AGENT,2 BHK Apartment in Dev Sai Sports Home, 70 L,https://static.makaan.com/17/20233087/285/142290425.jpeg?width=460&height=260
AGENT,3 BHK Apartment in Dev Sai Sports Home, 1.05 Cr,https://static.makaan.com/17/20233085/285/142290434.jpeg?width=460&height=260
AGENT,3 BHK Apartment in Dev Sai Sports Home, 85 L,https://static.makaan.com/17/20233084/285/142290532.jpeg?width=460&height=260
AGENT,4 BHK Apartment in Dev Sai Sports Home, 1.22 Cr,https://static.makaan.com/17/20233081/285/142290393.jpeg?width=460&height=260
AGENT,2 BHK Apartment in ACE Group Divino, 78.69 L,https://static.makaan.com/1/668066/298/132532298.jpeg?width=460&height=260
AGENT,2 BHK Apartment in ACE Group Divino, 78.69 L,https://static.makaan.com/1/668066/298/132532298.jpeg?width=460&height=260
AGENT,4 BHK Apartment in ACE Group Divino, 1.68 Cr,https://static.makaan.com/1/668066/298/132532298.jpeg?width=460&height=260
AGENT,4 BHK Apartment in ACE Group Divino, 1.68 Cr,https://static.makaan.com/1/668066/298/132532298.jpeg?width=460&height=260
AGENT,2 BHK Apartment in ACE Group Divino, 93.31 L,https://static.makaan.com/1/668066/298/132532298.jpeg?width=460&height=260
AGENT,2 BHK Apartment in ACE Group Divino, 93.31 L,https://static.makaan.com/1/668066/298/132532298.jpeg?width=460&height=260
AGENT,3 BHK Apartment in ACE Group Divino, 1.4 Cr,https://static.makaan.com/1/668066/298/132532298.jpeg?width=460&height=260
AGENT,3 BHK Apartment in ACE Group Divino, 1.4 Cr,https://static.makaan.com/1/668066/298/132532298.jpeg?width=460&height=260
AGENT,2 BHK Apartment in ACE Group Divino, 74.57 L,https://static.makaan.com/1/668066/298/132532298.jpeg?width=460&height=260
AGENT,2 BHK Apartment in ACE Group Divino, 74.57 L,https://static.makaan.com/1/668066/298/132532298.jpeg?width=460&height=260
AGENT,5 BHK Villa in Omaxe The Hemisphere Phase 1 Golf Villas, 1 Cr,https://static.makaan.com/17/20119426/285/141770047.jpeg?width=460&height=260
AGENT,3 BHK Apartment in SKA Metro Ville, 37.91 L,https://static.makaan.com/1/1825483/298/132409427.png?width=460&height=260
AGENT,2 BHK Apartment in Thv Krystal Homes, 27.24 L,https://static.makaan.com/17/20247895/281/142367573.jpeg?width=460&height=260
AGENT,3 BHK Apartment in House Vihaan Wisteria, 44.25 L,https://static.makaan.com/17/20273478/281/142492908.jpeg?width=460&height=260
AGENT,3 BHK Apartment in House Vihaan Wisteria, 44.64 L,https://static.makaan.com/17/20291595/281/142574042.jpeg?width=460&height=260
AGENT,3 BHK Apartment in Fusion The Brook, 52.7 L,https://static.makaan.com/17/19990182/281/141168666.jpeg?width=460&height=260
AGENT,2 BHK Apartment in CRC Sublimis, 63 L,https://static.makaan.com/17/19989869/281/141167799.jpeg?width=460&height=260
AGENT,3 BHK Apartment in CRC Sublimis, 84 L,https://static.makaan.com/1/1744052/298/sublimis-kitchen-125511687.jpeg?width=460&height=260
AGENT,3 BHK Apartment in ATS Dolce, 85 L,https://static.makaan.com/17/20075732/285/141588626.jpeg?width=460&height=260
AGENT,2 BHK Apartment in Thv Heritage Floors, 26.54 L,https://static.makaan.com/17/20346196/281/142913765.jpeg?width=460&height=260
AGENT,3 BHK Apartment in House Vihaan Wisteria, 44.77 L,https://static.makaan.com/17/20345638/281/142908515.jpeg?width=460&height=260
AGENT,2 BHK Apartment in House Vihaan Wisteria, 24.2 L,https://static.makaan.com/17/20345888/281/142910778.jpeg?width=460&height=260
AGENT,3 BHK Apartment in Ambesten Vihaan Heritage, 42.99 L,https://static.makaan.com/17/20346384/281/142915659.jpeg?width=460&height=260
AGENT,2 BHK Apartment in Thv Heritage Villa, 26.54 L,https://static.makaan.com/17/20346640/281/142918055.jpeg?width=460&height=260
AGENT,2 BHK Apartment in House Vihaan Wisteria, 25.99 L,https://static.makaan.com/17/20346322/281/142915807.jpeg?width=460&height=260
AGENT,3 BHK Apartment in AMBR Ambrosia Luxury Homes, 42.5 L,https://static.makaan.com/1/3159656/297/ambrosia-luxury-homes-elevation-131190713.jpeg?width=460&height=260
AGENT,2 BHK Apartment in AMBR Ambrosia Luxury Homes, 26.5 L,https://static.makaan.com/1/3159656/297/ambrosia-luxury-homes-elevation-131190713.jpeg?width=460&height=260
AGENT,2 BHK Apartment in Thv Heritage Floors, 27.99 L,https://static.makaan.com/17/20347690/281/142926673.jpeg?width=460&height=260
AGENT,3 BHK Independent Floor in Vihaan Greens, 45.99 L,https://static.makaan.com/17/20347673/281/142926652.jpeg?width=460&height=260
AGENT,3 BHK Apartment in House Vihaan Wisteria, 46.99 L,https://static.makaan.com/17/20347623/281/142926648.jpeg?width=460&height=260
AGENT,2 BHK Apartment in Thv Krystal Homes, 25.99 L,https://static.makaan.com/17/20347410/281/142925102.jpeg?width=460&height=260
AGENT,2 BHK Independent Floor in Ambesten Vihaan Heritage, 26.56 L,https://static.makaan.com/17/20346232/281/142913723.jpeg?width=460&height=260
AGENT,2 BHK Independent Floor in Thv Krystal Homes, 27.99 L,https://static.makaan.com/17/20352043/281/142952028.jpeg?width=460&height=260
AGENT,2 BHK Independent Floor in Thv Heritage Villa, 26.99 L,https://static.makaan.com/17/20352334/281/142953636.jpeg?width=460&height=260
AGENT,3 BHK Apartment in Thv Krystal Homes, 44.98 L,https://static.makaan.com/17/20347356/281/142923796.jpeg?width=460&height=260
AGENT,2 BHK Apartment in Thv Heritage Floors, 26.99 L,https://static.makaan.com/17/20352026/281/142952326.jpeg?width=460&height=260
AGENT,1 BHK Independent House, 76 L,https://static.makaan.com/17/20451155/286/143348162.jpeg?width=460&height=260
AGENT,2 BHK Independent House, 78 L,https://static.makaan.com/17/20477819/286/143493607.jpeg?width=460&height=260
AGENT,2 BHK Independent House, 78 L,https://static.makaan.com/17/20477841/286/143494051.jpeg?width=460&height=260
AGENT,4 BHK Villa in Godrej Evoke Villas, 1.65 Cr,https://static.makaan.com/1/1731398/298/images-for-main-other-of-godrej-evoke-villas-20715143.jpeg?width=460&height=260
AGENT,2 BHK Apartment in Saviour Green Arch, 76 L,https://static.makaan.com/1/643827/291/green-arch-others-127335125.jpeg?width=460&height=260
AGENT,3 BHK Apartment in ATS Nobility, 1.08 Cr,https://static.makaan.com/1/668140/291/124957390.jpeg?width=460&height=260
AGENT,2 BHK Apartment in ATS Happy Trails, 65.5 L,https://static.makaan.com/1/1737792/298/137968155.jpeg?width=460&height=260
AGENT,3 BHK Apartment in ATS Happy Trails, 97.5 L,https://static.makaan.com/17/20427978/281/143257730.jpeg?width=460&height=260
AGENT,3 BHK Apartment in ATS Happy Trails, 99 L,https://static.makaan.com/17/20427969/281/143257065.jpeg?width=460&height=260
AGENT,3 BHK Apartment in ATS Happy Trails, 99 L,https://static.makaan.com/17/20427957/281/143257072.jpeg?width=460&height=260
AGENT,3 BHK Apartment in ATS Happy Trails, 99 L,https://static.makaan.com/17/20427907/281/143257189.jpeg?width=460&height=260
AGENT,3 BHK Apartment in ATS Happy Trails, 97 L,https://static.makaan.com/17/20427870/281/143256972.jpeg?width=460&height=260
AGENT,3 BHK Apartment in ATS Happy Trails, 97.85 L,https://static.makaan.com/17/20428059/281/143258111.jpeg?width=460&height=260
AGENT,3 BHK Apartment in ATS Happy Trails, 97.5 L,https://static.makaan.com/17/20427994/281/143257944.jpeg?width=460&height=260
AGENT,6 BHK Independent House, 3.75 Cr,https://static.makaan.com/17/20445845/286/143325115.jpeg?width=460&height=260
AGENT,1 BHK Independent House, 80 L,https://static.makaan.com/17/20445771/286/143324354.jpeg?width=460&height=260
AGENT,2 BHK Independent House, 90 L,https://static.makaan.com/17/20456714/286/143382018.jpeg?width=460&height=260
AGENT,1 BHK Independent House, 80 L,https://static.makaan.com/17/20452490/286/143353736.jpeg?width=460&height=260
AGENT,2 BHK Independent House, 76 L,https://static.makaan.com/17/20452446/286/143353051.jpeg?width=460&height=260
AGENT,2 BHK Independent House, 76 L,https://static.makaan.com/17/20452695/286/143354596.jpeg?width=460&height=260
AGENT,1 BHK Independent House, 76 L,https://static.makaan.com/17/20452535/286/143353237.jpeg?width=460&height=260
AGENT,1 BHK Independent House, 76 L,https://static.makaan.com/17/20452520/286/143353523.jpeg?width=460&height=260
AGENT,1 BHK Independent House, 76 L,https://static.makaan.com/17/20452502/286/143353763.jpeg?width=460&height=260
AGENT,2 BHK Independent House, 80 L,https://static.makaan.com/17/20451131/286/143348217.jpeg?width=460&height=260
AGENT,1 BHK Independent House, 76 L,https://www.makaan.com/images/dummy/independent-house-no-image.jpg
AGENT,1 BHK Independent House, 75 L,https://www.makaan.com/images/dummy/independent-house-no-image.jpg
AGENT,2 BHK Independent House, 77 L,https://www.makaan.com/images/dummy/independent-house-no-image.jpg
AGENT,3 BHK Independent House, 1.35 Cr,https://static.makaan.com/17/20447249/286/143328788.jpeg?width=460&height=260
AGENT,1 BHK Independent House, 79 L,https://static.makaan.com/17/20447169/286/143328923.jpeg?width=460&height=260
AGENT,1 BHK Independent House, 78 L,https://static.makaan.com/17/20447006/286/143328178.jpeg?width=460&height=260
AGENT,1 BHK Independent House, 76 L,https://www.makaan.com/images/dummy/independent-house-no-image.jpg
AGENT,2 BHK Independent House, 78 L,https://static.makaan.com/17/20453335/286/143356907.jpeg?width=460&height=260
AGENT,4 BHK Independent House, 1.4 Cr,https://static.makaan.com/17/20447444/286/143328975.jpeg?width=460&height=260
AGENT,1 BHK Independent House, 40 L,https://static.makaan.com/17/20446866/286/143330374.jpeg?width=460&height=260
AGENT,3 BHK Apartment in ATS Happy Trails, 95 L,https://static.makaan.com/17/20427506/286/143253869.jpeg?width=460&height=260
AGENT,3 BHK Apartment in ATS Happy Trails, 95.5 L,https://static.makaan.com/1/1737792/298/137968155.jpeg?width=460&height=260
AGENT,3 BHK Apartment in ATS Happy Trails, 96 L,https://static.makaan.com/17/20427347/285/143252604.jpeg?width=460&height=260
AGENT,3 BHK Apartment in ATS Happy Trails, 95 L,https://static.makaan.com/1/1737792/298/137968155.jpeg?width=460&height=260
AGENT,2 BHK Apartment in Mangalya Ophira, 50.92 L,https://static.makaan.com/17/20475388/281/143489436.jpeg?width=460&height=260
AGENT,3 BHK Apartment in Mangalya Ophira, 61.83 L,https://static.makaan.com/17/20475541/281/143489498.jpeg?width=460&height=260
AGENT,3 BHK Apartment in ATS Nobility, 1.12 Cr,https://static.makaan.com/17/20383596/281/143077881.jpeg?width=460&height=260
AGENT,2 BHK Apartment in ATS Happy Trails, 68 L,https://static.makaan.com/1/1737792/298/137968155.jpeg?width=460&height=260
AGENT,3 BHK Apartment in ATS Happy Trails, 98 L,https://static.makaan.com/17/20383724/286/143080392.jpeg?width=460&height=260
AGENT,3 BHK Apartment, 48 L,https://www.makaan.com/images/dummy/apartment-no-image.jpg
AGENT,3 BHK Apartment, 55 L,https://static.makaan.com/17/20574451/281/144060803.jpeg?width=460&height=260
AGENT,3 BHK Apartment, 52.3 L,https://static.makaan.com/17/20574328/281/144060776.jpeg?width=460&height=260
AGENT,3 BHK Apartment, 48 L,https://static.makaan.com/17/20574312/281/144060935.jpeg?width=460&height=260
AGENT,2 BHK Apartment, 44.5 L,https://static.makaan.com/17/20574263/281/144060913.jpeg?width=460&height=260
AGENT,2 BHK Apartment in Anthem French Apartments, 58 L,https://static.makaan.com/17/20565257/281/143999213.jpeg?width=460&height=260
AGENT,3 BHK Apartment in Anthem French Apartments, 88 L,https://static.makaan.com/17/20565274/281/143999177.jpeg?width=460&height=260
AGENT,3 BHK Apartment in Fusion The Brook, 69 L,https://static.makaan.com/17/20565217/285/144024119.jpeg?width=460&height=260
AGENT,3 BHK Apartment in Fusion The Brook, 55.8 L,https://static.makaan.com/17/20565193/285/143999045.jpeg?width=460&height=260
AGENT,3 BHK Apartment in Fusion The Brook, 54 L,https://static.makaan.com/17/20565181/285/143999011.jpeg?width=460&height=260
AGENT,2 BHK Apartment in Fusion The Brook, 50.17 L,https://static.makaan.com/17/20565175/285/143998854.jpeg?width=460&height=260
AGENT,4 BHK Apartment in ATS Rhapsody, 1.93 Cr,https://static.makaan.com/17/20554953/281/143944503.jpeg?width=460&height=260
AGENT,2 BHK Villa, 35 L,https://static.makaan.com/17/19832635/281/140308311.jpeg?width=460&height=260
AGENT,3 BHK Apartment in Fusion The Brook, 55.8 L,https://static.makaan.com/17/0/569/31067393.jpeg?width=460&height=260
AGENT,3 BHK Apartment in House Vihaan Wisteria, 44.82 L,https://static.makaan.com/17/20250333/281/142376011.jpeg?width=460&height=260
AGENT,2 BHK Apartment in SKA Metro Ville, 52 L,https://static.makaan.com/17/20466287/281/143422039.jpeg?width=460&height=260
AGENT,2 BHK Independent Floor in Thv Vihaan Floors, 25.51 L,https://static.makaan.com/17/20169187/281/141978786.jpeg?width=460&height=260
AGENT,3 BHK Apartment in ATS Happy Trails, 93 L,https://static.makaan.com/17/20308309/281/142649199.jpeg?width=460&height=260
AGENT,2 BHK Apartment in Aambesten Twin Clarus, 21.12 L,https://static.makaan.com/17/20280790/281/142525503.jpeg?width=460&height=260
AGENT,3 BHK Apartment in ATS Green Paradiso, 1.3 Cr,https://static.makaan.com/17/20530012/281/143843649.jpeg?width=460&height=260
AGENT,4 BHK Apartment in ATS Green Paradiso, 2 Cr,https://static.makaan.com/17/20529930/281/143826100.jpeg?width=460&height=260
AGENT,3 BHK Apartment in ATS Green Paradiso, 90 L,https://static.makaan.com/17/20529785/281/143825613.jpeg?width=460&height=260
AGENT,2 BHK Apartment in Thv Krystal Homes, 25.45 L,https://static.makaan.com/17/20406393/281/143177763.jpeg?width=460&height=260
AGENT,3 BHK Apartment in AMBR Ambrosia Luxury Homes, 34.59 L,https://static.makaan.com/17/20406632/281/143175869.jpeg?width=460&height=260
AGENT,2 BHK Apartment in Vihaan Vista, 24.56 L,https://static.makaan.com/17/20406366/283/143191951.jpeg?width=460&height=260
AGENT,2 BHK Apartment in House Vihaan Wisteria, 20.18 L,https://static.makaan.com/17/20252793/281/142386458.jpeg?width=460&height=260
AGENT,2 BHK Apartment in Vertigo Homes, 20.1 L,https://static.makaan.com/17/20252491/282/142385548.jpeg?width=460&height=260
AGENT,2 BHK Apartment in Ambesten Twin Corsage, 20.21 L,https://static.makaan.com/17/20253286/281/142388613.jpeg?width=460&height=260
AGENT,2 BHK Apartment in Ambesten Twin Corsage, 20.2 L,https://static.makaan.com/17/20252940/286/142420907.jpeg?width=460&height=260
AGENT,2 BHK Apartment in Aambesten Twin Celestial, 20.65 L,https://static.makaan.com/17/20258610/281/142423630.jpeg?width=460&height=260
AGENT,2 BHK Apartment in Ambesten Vihaan Heritage, 20.5 L,https://static.makaan.com/17/20258420/281/142426411.jpeg?width=460&height=260
AGENT,2 BHK Apartment in AV Vihaan Homes, 20.17 L,https://static.makaan.com/17/20252761/281/142423913.jpeg?width=460&height=260
AGENT,2 BHK Apartment in House Vihaan Wisteria, 20.16 L,https://static.makaan.com/17/20252722/281/142386457.jpeg?width=460&height=260
AGENT,2 BHK Apartment in Aambesten Twin Clarus, 22.28 L,https://static.makaan.com/17/20253495/281/142389222.jpeg?width=460&height=260
AGENT,2 BHK Apartment in Ambesten Vihaan Heritage, 20.25 L,https://static.makaan.com/17/20253425/281/142388335.jpeg?width=460&height=260
AGENT,2 BHK Apartment in Aambesten Twin County, 22.23 L,https://static.makaan.com/17/20253380/281/142388746.jpeg?width=460&height=260
AGENT,2 BHK Apartment in Ambesten Vihaan Heritage, 20.19 L,https://static.makaan.com/17/20252906/281/142421985.jpeg?width=460&height=260
AGENT,2 BHK Apartment in Ambesten Twin Corsage, 20.55 L,https://static.makaan.com/17/20258513/281/142423548.jpeg?width=460&height=260
AGENT,3 BHK Apartment in ATS Dolce, 2.3 Cr,https://static.makaan.com/17/20491997/281/143619728.jpeg?width=460&height=260
AGENT,2 BHK Apartment in ATS Dolce, 68 L,https://static.makaan.com/17/20491385/281/143614386.jpeg?width=460&height=260
AGENT,3 BHK Apartment in ATS Dolce, 95 L,https://static.makaan.com/17/20491498/281/143615792.jpeg?width=460&height=260
AGENT,3 BHK Apartment in ATS Dolce, 1.1 Cr,https://static.makaan.com/17/20491943/281/143624260.jpeg?width=460&height=260
AGENT,3 BHK Apartment in ATS Dolce, 90 L,https://static.makaan.com/17/20491438/281/143620973.jpeg?width=460&height=260
AGENT,3 BHK Apartment in Alpine Aigin Royal, 78 L,https://static.makaan.com/17/19977210/281/141101440.jpeg?width=460&height=260
AGENT,3 BHK Villa, 60.8 L,https://www.makaan.com/images/dummy/independent-house-no-image.jpg
AGENT,3 BHK Villa, 72 L,https://www.makaan.com/images/dummy/independent-house-no-image.jpg
AGENT,3 BHK Villa, 72 L,https://www.makaan.com/images/dummy/independent-house-no-image.jpg
AGENT,3 BHK Villa, 60.8 L,https://www.makaan.com/images/dummy/independent-house-no-image.jpg
AGENT,3 BHK Villa, 72 L,https://www.makaan.com/images/dummy/independent-house-no-image.jpg
AGENT,3 BHK Villa, 67 L,https://www.makaan.com/images/dummy/independent-house-no-image.jpg
AGENT,3 BHK Villa, 67 L,https://www.makaan.com/images/dummy/independent-house-no-image.jpg
AGENT,3 BHK Villa, 60.8 L,https://www.makaan.com/images/dummy/independent-house-no-image.jpg
AGENT,3 BHK Villa, 67 L,https://www.makaan.com/images/dummy/independent-house-no-image.jpg
AGENT,2 BHK Villa, 49 L,https://static.makaan.com/17/19795209/281/140079435.jpeg?width=460&height=260
AGENT,2 BHK Villa, 49.78 L,https://static.makaan.com/17/19796841/281/140087180.jpeg?width=460&height=260
AGENT,2 BHK Villa, 50 L,https://static.makaan.com/17/19794936/281/140078425.jpeg?width=460&height=260
AGENT,2 BHK Villa, 35 L,https://static.makaan.com/17/19794823/281/140078227.jpeg?width=460&height=260
AGENT,2 BHK Villa, 47 L,https://static.makaan.com/17/19788719/281/140023819.jpeg?width=460&height=260
AGENT,2 BHK Villa, 50 L,https://static.makaan.com/17/19796441/281/140085892.jpeg?width=460&height=260
AGENT,2 BHK Villa, 49 L,https://static.makaan.com/17/19796357/281/140084627.jpeg?width=460&height=260
AGENT,3 BHK Villa, 49 L,https://static.makaan.com/17/19761058/281/139905848.jpeg?width=460&height=260
AGENT,2 BHK Villa, 34.09 L,https://static.makaan.com/17/19760782/281/139905112.jpeg?width=460&height=260
AGENT,3 BHK Villa, 49 L,https://static.makaan.com/17/19759947/281/139902466.jpeg?width=460&height=260
AGENT,3 BHK Apartment in AV Vihaan Homes, 34.67 L,https://static.makaan.com/17/20213335/281/142209726.jpeg?width=460&height=260
AGENT,3 BHK Apartment in JMD Elite View Apartments, 34.58 L,https://static.makaan.com/17/20213286/281/142209097.jpeg?width=460&height=260
AGENT,3 BHK Apartment in Aambesten Twin Celestial, 35.67 L,https://static.makaan.com/17/20213529/286/142210641.jpeg?width=460&height=260
AGENT,3 BHK Apartment in Shree Balaji Homes, 32.87 L,https://static.makaan.com/17/20214880/281/142243068.jpeg?width=460&height=260
AGENT,3 BHK Apartment in Aambesten Twin Celestial, 31.67 L,https://static.makaan.com/17/20214787/281/142219619.jpeg?width=460&height=260
AGENT,3 BHK Apartment in Aambesten Twin County, 33.45 L,https://static.makaan.com/17/20214736/287/142219460.jpeg?width=460&height=260
AGENT,3 BHK Apartment in Maggie Infracon Ganga, 34.12 L,https://static.makaan.com/17/20214683/281/142219677.jpeg?width=460&height=260
AGENT,3 BHK Apartment in JMD Elite View Apartments, 33.45 L,https://static.makaan.com/17/20212783/282/142205230.jpeg?width=460&height=260
AGENT,3 BHK Apartment in Aambesten Twin Celestial, 34.51 L,https://static.makaan.com/17/20213130/281/142209372.jpeg?width=460&height=260
AGENT,3 BHK Apartment in Shree Balaji Homes, 34.09 L,https://static.makaan.com/17/20224300/286/142258854.jpeg?width=460&height=260
AGENT,3 BHK Apartment in Ambesten Twin Corsage, 34.59 L,https://static.makaan.com/17/20213087/281/142231276.jpeg?width=460&height=260
AGENT,3 BHK Apartment in House Vihaan Wisteria, 34.87 L,https://static.makaan.com/17/20213018/281/142231330.jpeg?width=460&height=260
AGENT,3 BHK Apartment in Shree Balaji Homes, 33.41 L,https://static.makaan.com/17/20212958/281/142206557.jpeg?width=460&height=260
AGENT,3 BHK Apartment in Vihaan Greens, 34.21 L,https://static.makaan.com/17/20214598/281/142217215.jpeg?width=460&height=260
AGENT,3 BHK Apartment in House Vihaan Wisteria, 34.59 L,https://static.makaan.com/1/3138875/297/vihaan-wisteria-elevation-125052548.jpeg?width=460&height=260
AGENT,3 BHK Apartment in House Vihaan Wisteria, 34.56 L,https://static.makaan.com/17/20223764/281/142256344.jpeg?width=460&height=260
AGENT,2 BHK Apartment in Vertigo Homes, 22.09 L,https://static.makaan.com/17/20222988/281/142253296.jpeg?width=460&height=260
AGENT,3 BHK Apartment in Shree Balaji Homes, 34.98 L,https://static.makaan.com/17/20224122/281/142262911.jpeg?width=460&height=260
AGENT,3 BHK Apartment in JMD Elite View Apartments, 34.91 L,https://static.makaan.com/17/20224096/281/142257835.jpeg?width=460&height=260
AGENT,3 BHK Apartment in Shree Balaji Homes, 34.5 L,https://static.makaan.com/17/20224062/286/142262902.jpeg?width=460&height=260
AGENT,3 BHK Apartment in JMD Elite View Apartments, 34.12 L,https://static.makaan.com/17/20223576/281/142256269.jpeg?width=460&height=260
AGENT,2 BHK Apartment in Anthem French Apartments, 56.1 L,https://static.makaan.com/17/20545867/281/143898738.jpeg?width=460&height=260
AGENT,3 BHK Villa, 60.8 L,https://www.makaan.com/images/dummy/independent-house-no-image.jpg
AGENT,3 BHK Villa, 72 L,https://www.makaan.com/images/dummy/independent-house-no-image.jpg
AGENT,3 BHK Villa, 67 L,https://www.makaan.com/images/dummy/independent-house-no-image.jpg
AGENT,3 BHK Villa, 73 L,https://www.makaan.com/images/dummy/independent-house-no-image.jpg
AGENT,3 BHK Villa, 67 L,https://www.makaan.com/images/dummy/independent-house-no-image.jpg
AGENT,2 BHK Villa, 50 L,https://static.makaan.com/17/19818428/281/140204202.jpeg?width=460&height=260
AGENT,3 BHK Villa, 60.8 L,https://www.makaan.com/images/dummy/independent-house-no-image.jpg
AGENT,3 BHK Villa, 67 L,https://www.makaan.com/images/dummy/independent-house-no-image.jpg
AGENT,3 BHK Villa, 73 L,https://www.makaan.com/images/dummy/independent-house-no-image.jpg
AGENT,3 BHK Villa, 61 L,https://www.makaan.com/images/dummy/independent-house-no-image.jpg
AGENT,3 BHK Villa, 73 L,https://www.makaan.com/images/dummy/independent-house-no-image.jpg
AGENT,3 BHK Villa, 67 L,https://www.makaan.com/images/dummy/independent-house-no-image.jpg
AGENT,3 BHK Villa, 60.8 L,https://www.makaan.com/images/dummy/independent-house-no-image.jpg
AGENT,3 BHK Villa, 73 L,https://www.makaan.com/images/dummy/independent-house-no-image.jpg
AGENT,3 BHK Villa, 61 L,https://www.makaan.com/images/dummy/independent-house-no-image.jpg
AGENT,2 BHK Villa, 50.08 L,https://static.makaan.com/17/19829702/281/140295637.jpeg?width=460&height=260
AGENT,2 BHK Villa, 50 L,https://static.makaan.com/17/19829634/281/140295116.jpeg?width=460&height=260
AGENT,2 BHK Villa, 50.07 L,https://static.makaan.com/17/19829847/281/140295021.jpeg?width=460&height=260
AGENT,3 BHK Villa, 60.5 L,https://www.makaan.com/images/dummy/independent-house-no-image.jpg
AGENT,2 BHK Villa, 50 L,https://static.makaan.com/17/19828373/281/140287678.jpeg?width=460&height=260
AGENT,2 BHK Villa, 50.04 L,https://static.makaan.com/17/19828275/281/140285916.jpeg?width=460&height=260
AGENT,3 BHK Villa, 67 L,https://www.makaan.com/images/dummy/independent-house-no-image.jpg
AGENT,2 BHK Villa, 50 L,https://static.makaan.com/17/19818315/281/140202662.jpeg?width=460&height=260
AGENT,3 BHK Villa, 72.5 L,https://www.makaan.com/images/dummy/independent-house-no-image.jpg
AGENT,3 BHK Villa, 60.8 L,https://www.makaan.com/images/dummy/independent-house-no-image.jpg
AGENT,3 BHK Villa, 73 L,https://www.makaan.com/images/dummy/independent-house-no-image.jpg
AGENT,2 BHK Villa, 50 L,https://static.makaan.com/17/19828190/281/140285929.jpeg?width=460&height=260
AGENT,4 BHK Villa, 70 L,https://www.makaan.com/images/dummy/independent-house-no-image.jpg
AGENT,3 BHK Apartment in ATS Dolce, 1.05 Cr,https://static.makaan.com/17/20453080/281/143355708.jpeg?width=460&height=260
AGENT,4 BHK Apartment in Purvanchal Royal City, 2 Cr,https://static.makaan.com/17/20453267/281/143356808.jpeg?width=460&height=260
AGENT,4 BHK Apartment in Purvanchal Purvanchal Royal City, 1.9 Cr,https://static.makaan.com/17/20453191/286/143356192.jpeg?width=460&height=260
AGENT,3 BHK Apartment in ATS Dolce, 90 L,https://static.makaan.com/17/20452238/281/143352508.jpeg?width=460&height=260
AGENT,4 BHK Apartment in ATS Green Paradiso, 2.1 Cr,https://static.makaan.com/17/20444516/281/143320658.jpeg?width=460&height=260
AGENT,4 BHK Apartment in ATS Dolce, 2 Cr,https://static.makaan.com/17/20452440/281/143352884.jpeg?width=460&height=260
AGENT,4 BHK Apartment in ATS Dolce, 2.25 Cr,https://static.makaan.com/17/20452382/281/143352773.jpeg?width=460&height=260
AGENT,4 BHK Apartment in ATS Dolce, 2.1 Cr,https://static.makaan.com/17/20452347/281/143353057.jpeg?width=460&height=260
AGENT,4 BHK Apartment in ATS Dolce, 97 L,https://static.makaan.com/17/20452699/281/143354360.jpeg?width=460&height=260
AGENT,4 BHK Apartment in ATS Dolce, 1.6 Cr,https://static.makaan.com/17/20452293/281/143352486.jpeg?width=460&height=260
AGENT,4 BHK Apartment in ATS Paradiso, 2 Cr,https://static.makaan.com/17/20444468/281/143320171.jpeg?width=460&height=260
AGENT,3 BHK Apartment in ATS Paradiso, 1.28 Cr,https://static.makaan.com/17/20444207/281/143319541.jpeg?width=460&height=260
AGENT,3 BHK Apartment in ATS Paradiso, 1.6 Cr,https://static.makaan.com/17/20444699/281/143327737.jpeg?width=460&height=260
AGENT,3 BHK Apartment in Purvanchal Royal City, 1.3 Cr,https://static.makaan.com/17/20453131/281/143356200.jpeg?width=460&height=260
AGENT,4 BHK Apartment in Purvanchal Purvanchal Royal City, 2.3 Cr,https://static.makaan.com/17/20453330/281/143356563.jpeg?width=460&height=260
AGENT,3 BHK Apartment in Ambesten Twin Corsage, 33.87 L,https://static.makaan.com/17/20180688/281/142067193.jpeg?width=460&height=260
AGENT,3 BHK Apartment in Aambesten Twin Celestial, 33.44 L,https://static.makaan.com/17/20180641/281/142070690.jpeg?width=460&height=260
AGENT,3 BHK Apartment in Vihaan Vista, 32.98 L,https://static.makaan.com/17/20180575/281/142070741.jpeg?width=460&height=260
AGENT,3 BHK Apartment in House Vihaan Wisteria, 32.1 L,https://static.makaan.com/17/20180523/281/142066663.jpeg?width=460&height=260
AGENT,3 BHK Apartment in JMD Elite View Apartments, 32.23 L,https://static.makaan.com/17/20180219/282/142065571.jpeg?width=460&height=260
AGENT,3 BHK Apartment in Shree Balaji Homes, 33.22 L,https://static.makaan.com/17/20180494/281/142066599.jpeg?width=460&height=260
AGENT,4 BHK Villa in Godrej Golf Links Villas, 2.26 Cr,https://static.makaan.com/17/20238482/281/142313414.jpeg?width=460&height=260
AGENT,4 BHK Villa in Godrej Golf Links Villas, 3.95 Cr,https://static.makaan.com/17/20238410/281/142312150.jpeg?width=460&height=260
AGENT,4 BHK Villa in Godrej Golf Links Villas, 2.26 Cr,https://static.makaan.com/17/20238851/281/142314365.jpeg?width=460&height=260
AGENT,2 BHK Apartment in Lucky Palm Village, 26.51 L,https://static.makaan.com/1/1711712/291/lucky-palm-village-amenities-28090515.jpeg?width=460&height=260
AGENT,3 BHK Apartment in KK Krishna County, 42.5 L,https://static.makaan.com/1/3143097/298/krishna-county-living-area-136084076.jpeg?width=460&height=260
AGENT,2 BHK Apartment in AV Vihaan Homes, 25.75 L,https://static.makaan.com/17/20411569/283/143197651.jpeg?width=460&height=260
AGENT,2 BHK Apartment in KK Krishna County, 25 L,https://static.makaan.com/17/20411568/283/143198416.jpeg?width=460&height=260
AGENT,2 BHK Apartment in KK Krishna County, 25.2 L,https://static.makaan.com/1/3143097/298/krishna-county-living-area-136084076.jpeg?width=460&height=260
AGENT,2 BHK Apartment in Vihaan Vista, 25.35 L,https://static.makaan.com/17/20411566/283/143197633.jpeg?width=460&height=260
AGENT,2 BHK Apartment in KK Krishna County, 25.1 L,https://static.makaan.com/17/20411565/283/143197609.jpeg?width=460&height=260
AGENT,3 BHK Apartment in AMBR Ambrosia Luxury Homes, 37.5 L,https://static.makaan.com/17/20411564/281/143197759.jpeg?width=460&height=260
AGENT,2 BHK Apartment in Vihaan Vista, 25.36 L,https://static.makaan.com/17/20411563/283/143197666.jpeg?width=460&height=260
AGENT,3 BHK Apartment in KK Krishna County, 43 L,https://static.makaan.com/17/20411562/281/143197624.jpeg?width=460&height=260
AGENT,2 BHK Apartment in Ambesten Vihaan Heritage, 25.64 L,https://static.makaan.com/17/20411561/281/143198358.jpeg?width=460&height=260
AGENT,3 BHK Apartment in A V Vihaan Galaxy, 42.8 L,https://static.makaan.com/17/20411560/281/143197799.jpeg?width=460&height=260
AGENT,2 BHK Apartment in Ambesten Twin Corsage, 25.61 L,https://static.makaan.com/17/20411559/281/143197644.jpeg?width=460&height=260
AGENT,2 BHK Apartment in AMBR Ambrosia Luxury Homes, 26.31 L,https://static.makaan.com/17/20411558/281/143197825.jpeg?width=460&height=260
AGENT,2 BHK Apartment in AMBR Ambrosia Luxury Homes, 26.41 L,https://static.makaan.com/17/20411557/281/143197773.jpeg?width=460&height=260
AGENT,2 BHK Apartment in AMBR Ambrosia Luxury Homes, 26.42 L,https://static.makaan.com/17/20411556/281/143198539.jpeg?width=460&height=260
AGENT,2 BHK Apartment in AMBR Ambrosia Luxury Homes, 26.43 L,https://static.makaan.com/17/20411555/281/143197718.jpeg?width=460&height=260
AGENT,2 BHK Apartment in Ambesten Twin Corsage, 26.51 L,https://static.makaan.com/17/20411554/281/143198457.jpeg?width=460&height=260
AGENT,2 BHK Apartment in Ambesten Twin Corsage, 26.52 L,https://static.makaan.com/17/20411553/281/143198070.jpeg?width=460&height=260
AGENT,2 BHK Apartment in Ambesten Twin Corsage, 26.44 L,https://static.makaan.com/17/20411552/281/143197915.jpeg?width=460&height=260
AGENT,2 BHK Apartment in KK Krishna County, 24.75 L,https://static.makaan.com/17/20411551/281/143198448.jpeg?width=460&height=260
AGENT,2 BHK Apartment in KK Krishna County, 26.5 L,https://static.makaan.com/17/20411550/281/143197818.jpeg?width=460&height=260
